OFFICIAL_POSITION,RACE_NUMBER,NAME,OFFICIAL_TIME,REAL_TIME,REAL_AVERAGE,CATEGORY,GENDER
1,203,"DEGEFA, WORKNESH",2:15:51,2:15:50,"3,13",F-SENIOR,F
2,202,"AYANA, ALMAZ",2:16:22,2:16:21,"3,14",F-SENIOR,F
3,206,"GEBREKIDAN, HIWOT",2:17:59,2:17:58,"3,16",F-SENIOR,F
4,207,"CHEPCHIRCHIR, CELESTINE",2:20:46,2:20:44,"3,20",F-SENIOR,F
5,211,"MAAYOUF, MAJIDA",2:21:27,2:21:26,"3,21",F-SENIOR,F
6,225,"HAYDAR, SULTAN",2:21:27,2:21:25,"3,21",F-W35,F
7,210,"MOKONIN, DESI",2:22:29,2:22:27,"3,23",F-SENIOR,F
8,251,"GREGSON, GENEVIEVE",2:23:08,2:23:05,"3,23",F-SENIOR,F
9,224,"YAREMCHUK, SOFIIA",2:23:16,2:23:15,"3,24",F-SENIOR,F
10,248,"BATT-DOYLE, ISOBEL",2:23:27,2:23:24,"3,24",F-SENIOR,F
11,228,"STEYN, GERDA",2:24:03,2:24:01,"3,25",F-SENIOR,F
12,204,"CHELIMO, JOAN",2:24:16,2:24:15,"3,25",F-SENIOR,F
13,213,"WEIGHTMAN, LISA",2:24:18,2:24:17,"3,25",F-W40,F
14,233,"SCHLUMPF, FABIENNE",2:24:30,2:24:29,"3,25",F-SENIOR,F
15,389,"HOTTENROTT, LAURA",2:24:32,2:24:30,"3,25",F-SENIOR,F
16,267,"RICHARDSSON, CAMILLA",2:24:38,2:24:36,"3,26",F-SENIOR,F
17,235,"WOLDU, MEKDES",2:24:44,2:24:43,"3,26",F-SENIOR,F
18,243,"ORTIZ MOROCHO, SILVIA PATRICIA",2:24:50,2:24:48,"3,26",F-SENIOR,F
19,255,"MÉLODY, JULIEN",2:25:01,2:25:00,"3,26",F-SENIOR,F
20,258,"EVANS, CLARA",2:25:04,2:25:01,"3,26",F-SENIOR,F
21,257,"PARTRIDGE, LILY",2:25:12,2:25:09,"3,26",F-SENIOR,F
22,219,"OUHADDOU, FATIMA AZAHARAA",2:25:30,2:25:29,"3,27",F-SENIOR,F
23,217,"LUENGO, LAURA",2:25:35,2:25:33,"3,27",F-SENIOR,F
24,254,"DA SILVA GODINHO, SUSANA CRISTINA",2:25:35,2:25:34,"3,27",F-SENIOR,F
25,259,"STEWARTOVÁ, MOIRA",2:25:36,2:25:35,"3,27",F-SENIOR,F
26,227,"WELLINGS, ELOISE",2:25:47,2:25:45,"3,27",F-SENIOR,F
27,314,"TRAPP, MANON",2:25:48,2:25:45,"3,27",F-SENIOR,F
28,296,"FADOUWA, LEDHEM",2:25:50,2:25:47,"3,27",F-W35,F
29,231,"LISOWSKA, ALEKSANDRA",2:25:52,2:25:49,"3,27",F-SENIOR,F
30,263,"HERNANDEZ FLORES, MARGARITA",2:25:54,2:25:53,"3,27",F-W35,F
31,312,"FRENCH, CAMILLE",2:26:08,2:26:06,"3,28",F-SENIOR,F
32,262,"PERRIER, MARIE",2:26:19,2:26:17,"3,28",F-SENIOR,F
33,247,"MACH, ANGELIKA",2:26:19,2:26:16,"3,28",F-SENIOR,F
34,212,"MCCORMACK, FIONNUALA",2:26:19,2:26:17,"3,28",F-W35,F
35,221,"PELAYO, IRENE",2:26:40,2:26:39,"3,29",F-W40,F
36,316,"PEREZ, MARIA JOSE",2:26:42,2:26:39,"3,29",F-SENIOR,F
37,266,"MAYER, JULIA",2:26:43,2:26:41,"3,29",F-SENIOR,F
38,250,"BRZEZINSKA, ALEKSANDRA",2:27:20,2:27:17,"3,29",F-SENIOR,F
39,232,"VAN ZYL, YRVETTE",2:27:29,2:27:27,"3,30",F-W35,F
40,256,"ERDOGAN, MERYEM",2:27:57,2:27:55,"3,30",F-SENIOR,F
41,249,"SAMUELS, SONIA",2:28:09,2:28:07,"3,31",F-W40,F
42,218,"GALIMANY, MARTA",2:28:16,2:28:15,"3,31",F-W35,F
43,245,"PASZKIEWICZ, IZABELA",2:28:35,2:28:32,"3,31",F-W35,F
44,214,"BJELJAC, BOJANA",2:28:53,2:28:52,"3,32",F-SENIOR,F
45,291,"GRANJA PILA, MARY ZENEIDA",2:29:30,2:29:28,"3,33",F-SENIOR,F
46,241,"SCHÖNEBORN, RABEA",2:31:05,2:31:03,"3,35",F-SENIOR,F
47,321,"HEYES, LAUREN",2:31:33,2:31:30,"3,35",F-SENIOR,F
48,285,"GARCIA DIAZ, MAGALY JOSEFINA",2:31:45,2:31:44,"3,36",F-SENIOR,F
49,342,"JACQUOT-CLAUDE, EMILIE",2:31:54,2:31:53,"3,36",F-W35,F
50,272,"BOGANTES GONZALEZ, DIANA",2:32:08,2:32:05,"3,36",F-W35,F
51,319,"TISALEMA, KATERINE",2:32:50,2:32:49,"3,37",F-SENIOR,F
52,297,"ARMOUSH, LEILA",2:33:25,2:33:22,"3,38",F-SENIOR,F
53,318,"FINK, ANJA",2:33:42,2:33:39,"3,38",F-SENIOR,F
54,322,"MCCORMICK, TESSA",2:33:48,2:33:45,"3,39",F-SENIOR,F
55,397,"GOMEZ, MARCELA CRISTINA",2:34:03,2:34:01,"3,39",F-W35,F
56,1678,"AGATE, VIOLLEAU",2:35:11,2:35:03,"3,40",F-SENIOR,F
57,3683,"FABRIS, MARTA",2:35:35,2:35:29,"3,41",F-SENIOR,F
58,967,"BARRAND, VIRGINIE",2:35:43,2:35:25,"3,41",F-SENIOR,F
59,288,"SÉNÉCHAL, MATHILDE",2:35:44,2:35:42,"3,41",F-SENIOR,F
60,275,"HAGGARD-KEARNEY, EMILY",2:35:55,2:35:52,"3,42",F-SENIOR,F
61,292,"GIURCANU, CRISTINA",2:36:01,2:35:59,"3,42",F-W40,F
62,327,"SALOMÉ, BRUN",2:36:12,2:36:09,"3,42",F-SENIOR,F
63,4418,"AUGUSTINE, EMERAUX",2:36:40,2:36:36,"3,43",F-SENIOR,F
64,282,"MARTÍNEZ AGUILERA, CARMEN PATRICIA",2:36:44,2:36:42,"3,43",F-W40,F
65,939,"LÉA, NAVARRO",2:36:54,2:36:47,"3,43",F-SENIOR,F
66,3552,"CHLOÉ, REITZ",2:37:21,2:37:10,"3,43",F-SENIOR,F
67,302,"SILVESTRE SORIANO, ELENA",2:37:36,2:37:32,"3,44",F-W35,F
68,293,"IAVARONE, ELISABETTA",2:37:46,2:37:43,"3,44",F-SENIOR,F
69,299,"FECTEAU, SAMANTHA",2:38:40,2:38:38,"3,46",F-SENIOR,F
70,303,"GARCÍA JIMÉNEZ, BEATRIZ ELENA",2:38:44,2:38:42,"3,46",F-SENIOR,F
71,1120,"PASTUÑA ALVARADO, MARIA",2:38:45,2:38:45,"3,46",F-SENIOR,F
72,311,"PICKETT, ISABELLE",2:38:49,2:38:46,"3,46",F-SENIOR,F
73,329,"MICHEL, ALICE",2:39:13,2:39:10,"3,46",F-SENIOR,F
74,300,"MALIR, GEORGIA",2:39:47,2:39:44,"3,47",F-SENIOR,F
75,11127,"LECH, ERICA",2:39:48,2:39:40,"3,47",F-W45,F
76,2675,"LE CORRE, MAÏWENN",2:40:15,2:39:40,"3,47",F-SENIOR,F
77,3782,"SHORT, SARAH",2:40:18,2:39:51,"3,47",F-SENIOR,F
78,331,"HOWARTH, ABIGAIL",2:40:18,2:40:15,"3,48",F-SENIOR,F
79,388,"BIRCH, ANNIE",2:40:19,2:40:16,"3,48",F-SENIOR,F
80,3527,"GUSTAFSSON, MOA",2:40:26,2:40:13,"3,48",F-SENIOR,F
81,305,"HOUCHELL, EMMA",2:40:29,2:40:26,"3,48",F-SENIOR,F
82,3080,"JACOBS, CLAIRE",2:40:45,2:40:22,"3,48",F-W35,F
83,2717,"JULIANNA, NAGY",2:41:35,2:41:23,"3,49",F-SENIOR,F
84,1207,"PARAGE, FRANÇOISE",2:42:16,2:41:58,"3,50",F-W35,F
85,310,"OPLAND, KRISTIN WAAKTAAR",2:42:19,2:42:16,"3,51",F-W40,F
86,3502,"ELLIOTT, JESSICA",2:42:24,2:42:09,"3,51",F-SENIOR,F
87,2680,"OLSEN, STINE KATRINE BAEKGAARD",2:42:32,2:42:12,"3,51",F-SENIOR,F
88,4516,"COSTE, MANON",2:42:45,2:42:26,"3,51",F-SENIOR,F
89,374,"GRAZIELE, ZARRI",2:42:48,2:42:46,"3,51",F-SENIOR,F
90,4030,"FORBES-SMITH, SARAH",2:43:07,2:42:38,"3,51",F-SENIOR,F
91,330,"CHAUME, ANNE-SOPHIE",2:43:30,2:43:28,"3,52",F-SENIOR,F
92,290,"POPADIAK, BEATA",2:43:35,2:43:32,"3,53",F-SENIOR,F
93,2714,"KONOPKO, JOANNA",2:43:37,2:43:16,"3,52",F-W35,F
94,309,"LUTTERI, ARIANNA",2:43:48,2:43:37,"3,53",F-SENIOR,F
95,3790,"JAUNET, MAGALI",2:43:48,2:43:29,"3,52",F-SENIOR,F
96,4160,"SZKODA, KASIA",2:44:01,2:43:31,"3,52",F-SENIOR,F
97,387,"MITCHELL, NAOMI",2:44:05,2:44:03,"3,53",F-SENIOR,F
98,5795,"BERKMAN FRILING, NOAH",2:44:09,2:44:09,"3,53",F-SENIOR,F
99,2052,"VASILEIOU, ANNA",2:44:24,2:44:24,"3,54",F-SENIOR,F
100,2338,"JUSTINE, GASCHY",2:44:29,2:44:18,"3,54",F-SENIOR,F
101,4319,"JONSSON, ANNA",2:44:36,2:44:23,"3,54",F-W35,F
102,969,"GALIMBERTI, SARA",2:44:37,2:44:26,"3,54",F-SENIOR,F
103,3149,"INGHAM, VICKI",2:44:45,2:44:28,"3,54",F-W35,F
104,394,"CHAVEZ MOSER, TANIA",2:44:46,2:44:44,"3,54",F-SENIOR,F
105,2564,"TIMMERS, KRISTY",2:45:18,2:44:45,"3,54",F-SENIOR,F
106,5069,"MOREAU, APOLLINE",2:45:34,2:45:34,"3,55",F-SENIOR,F
107,3579,"HAYDOCK, MONICA",2:46:09,2:45:41,"3,56",F-W40,F
108,2447,"EMILIE, TISSOT",2:46:15,2:45:44,"3,56",F-SENIOR,F
109,4369,"EL HIMER, CAROLINE",2:47:08,2:46:42,"3,57",F-W40,F
110,2779,"KING, KATIE",2:47:31,2:47:09,"3,58",F-SENIOR,F
111,2863,"HILLIER-MOSES, GEMMA",2:47:47,2:47:11,"3,58",F-W35,F
112,3229,"BROMILOW, LARA",2:48:05,2:47:44,"3,58",F-W40,F
113,2462,"BJERKE ÅRRESTAD, ANNE",2:48:12,2:47:49,"3,59",F-SENIOR,F
114,6382,"SCHMITT, LISA",2:48:15,2:48:12,"3,59",F-W35,F
115,3311,"NEHME, PIA",2:48:46,2:48:22,"3,59",F-W40,F
116,5389,"BORISENKO, ANNA",2:48:46,2:48:25,"3,59",F-SENIOR,F
117,2650,"ROEYNSTRAND, SILJE",2:48:48,2:48:15,"3,59",F-SENIOR,F
118,2573,"CLAUDIA, GELSOMINO",2:48:52,2:48:21,"3,59",F-W50,F
119,3462,"EMMANUELLE, MOILLARD",2:49:00,2:48:26,"3,59",F-SENIOR,F
120,286,"NJEIM, CHIRINE",2:49:03,2:49:01,"4,00",F-W35,F
121,21794,"LE CUNUDER, ANNE",2:49:11,2:48:53,"4,00",F-SENIOR,F
122,2663,"LE DANTEC, SARAH",2:49:34,2:48:58,"4,00",F-SENIOR,F
123,5130,"GRANOZIO, STELLA",2:49:50,2:49:50,"4,01",F-SENIOR,F
124,4989,"RAPER, ELEANOR",2:49:51,2:49:51,"4,01",F-SENIOR,F
125,336,"SARRIÓN ESTEVE, SILVIA MARIA",2:49:54,2:49:52,"4,02",F-W35,F
126,4877,"KARLSSON, ELISABET",2:49:54,2:49:40,"4,01",F-W35,F
127,4652,"KALBARCZYK, ADRIANA",2:50:01,2:49:58,"4,02",F-SENIOR,F
128,5436,"ROBBINS, LOUISA",2:50:03,2:50:03,"4,02",F-SENIOR,F
129,2582,"GALLOGLY, NELL",2:50:09,2:49:50,"4,01",F-SENIOR,F
130,5786,"MEULENBERG, KYRA",2:50:13,2:49:34,"4,01",F-SENIOR,F
131,4778,"SARTORI, DEBORA",2:50:19,2:50:14,"4,02",F-SENIOR,F
132,2676,"VIRTANEN, ULLA",2:50:35,2:50:14,"4,02",F-W40,F
133,5079,"VELASCO SANCHEZ, MERCEDES",2:50:41,2:50:25,"4,02",F-W35,F
134,5906,"MARTINS, MIRIAM",2:50:45,2:49:58,"4,02",F-SENIOR,F
135,6504,"FALK, BEATA",2:51:00,2:50:49,"4,03",F-SENIOR,F
136,4755,"HOPE, HELENA",2:51:03,2:50:34,"4,03",F-SENIOR,F
137,5067,"MOERMAN, CHARLOTTE",2:51:05,2:50:34,"4,03",F-SENIOR,F
138,4680,"SIMONSEN, EVA",2:51:13,2:51:05,"4,03",F-SENIOR,F
139,6333,"ANDRIGHETTONI, CLAUDIA",2:51:16,2:51:16,"4,04",F-W40,F
140,5206,"HAMMETT, CLAIRE",2:51:17,2:50:52,"4,03",F-SENIOR,F
141,4953,"LOWE, AMY",2:51:17,2:50:26,"4,02",F-SENIOR,F
142,5318,"PUJOL CORNEY, JUDIT",2:51:37,2:51:30,"4,04",F-SENIOR,F
143,339,"SIMAO VALE, SHEILA",2:51:43,2:51:39,"4,04",F-W40,F
144,4654,"MÜLLER, SYLVIE",2:51:49,2:51:49,"4,04",F-SENIOR,F
145,398,"HOT, FLORIANE",2:52:08,2:52:04,"4,05",F-SENIOR,F
146,9120,"JUSTINE, COURSAC",2:52:08,2:52:05,"4,05",F-SENIOR,F
147,4906,"KOELEMAN, CUNERA",2:52:13,2:52:03,"4,05",F-W40,F
148,6436,"CARIANT, SUZANNE",2:52:23,2:52:08,"4,05",F-W35,F
149,5231,"TENGDIN, PHOEBE",2:52:27,2:52:25,"4,05",F-SENIOR,F
150,1809,"LUCACI, IOANA",2:52:53,2:52:53,"4,06",F-SENIOR,F
151,4277,"JAGOSOVA, TEREZA",2:53:00,2:52:22,"4,05",F-SENIOR,F
152,7511,"WHITE LOREDO, SABRINA",2:53:05,2:52:36,"4,05",F-SENIOR,F
153,4717,"BALINOTTI, MARIANELA",2:53:06,2:52:22,"4,05",F-SENIOR,F
154,5797,"CAMILLE, MASSOL",2:53:06,2:52:57,"4,06",F-SENIOR,F
155,3473,"ESTRADA ARRIAGA, TANIA LIZBETH",2:53:12,2:52:50,"4,06",F-W35,F
156,5108,"WARREN, ELEANOR",2:53:13,2:53:07,"4,06",F-SENIOR,F
157,18368,"SCHANK, KARIN",2:53:14,2:53:14,"4,06",F-W45,F
158,326,"MORIN, ÉLISA",2:53:14,2:53:11,"4,06",F-SENIOR,F
159,7005,"MOLYAVKINA, SVETLANA",2:53:21,2:52:25,"4,05",F-W40,F
160,27979,"STANLEY-DOTTIN, ERICA",2:53:28,2:52:58,"4,06",F-W50,F
161,6967,"MATHIEU, CYRIANE",2:53:28,2:53:07,"4,06",F-SENIOR,F
162,2983,"MICHOLD, FRIDA",2:53:54,2:53:31,"4,07",F-SENIOR,F
163,7947,"PAUL, EMILY",2:54:01,2:53:57,"4,07",F-SENIOR,F
164,5440,"FERRE, ELISE",2:54:05,2:53:17,"4,06",F-W35,F
165,6317,"DOS SANTOS GRILO, LAURA ANDREIA RAMOS",2:54:06,2:53:36,"4,07",F-W35,F
166,7139,"CARBO SEGRELLES, MARTA",2:54:11,2:54:08,"4,08",F-W45,F
167,7538,"KONOW, FRIDA",2:54:13,2:54:00,"4,07",F-SENIOR,F
168,306,"GIBSON, MELISSAH",2:54:13,2:54:10,"4,08",F-W35,F
169,5270,"PETERSEN, HELLE",2:54:17,2:53:59,"4,07",F-W45,F
170,6945,"HUDELSON, ALICIA",2:54:17,2:54:17,"4,08",F-W35,F
171,6119,"MOSBRON, ANN KRISTIN",2:54:21,2:54:06,"4,08",F-W40,F
172,30670,"TERUEL, MAGDA",2:54:34,2:54:05,"4,08",F-W40,F
173,6148,"STUBBERUD, ELISABETH",2:54:35,2:53:59,"4,07",F-W35,F
174,6456,"KHATTOU, NAOILE",2:54:37,2:54:09,"4,08",F-W35,F
175,7638,"KRONBORG RIIS, SIMONE",2:54:39,2:54:11,"4,08",F-SENIOR,F
176,5780,"LOPEZ DE TEJADA, MARIA",2:54:40,2:54:38,"4,08",F-W45,F
177,5092,"YOUNG, CATHERINE",2:54:47,2:54:36,"4,08",F-W35,F
178,5269,"BRYAN, MOLLY",2:54:47,2:54:19,"4,08",F-SENIOR,F
179,6608,"GEORGIEVA, ANTONIYA",2:54:47,2:54:08,"4,08",F-SENIOR,F
180,8367,"MCGOWAN, AILIE",2:54:53,2:54:38,"4,08",F-SENIOR,F
181,5771,"MILLS, JOANNE",2:54:54,2:54:52,"4,09",F-W35,F
182,5233,"HARRIS, KARIMA",2:55:08,2:54:53,"4,09",F-W50,F
183,6664,"CASADO PRIETO, ROSAURA",2:55:12,2:54:26,"4,08",F-W50,F
184,5367,"CHEVALIER, CHLOÉ",2:55:13,2:55:05,"4,09",F-SENIOR,F
185,6034,"MARIE, NAVACCHIA",2:55:14,2:54:22,"4,08",F-W35,F
186,5010,"PÁLMADÓTTIR, ANNA BERGLIND",2:55:16,2:55:04,"4,09",F-W40,F
187,5385,"MOREAU, ASTRID",2:55:19,2:55:06,"4,09",F-SENIOR,F
188,10900,"GEORGELIN, LAURA",2:55:29,2:55:04,"4,09",F-SENIOR,F
189,4995,"AUSTIN, KATIE",2:55:31,2:55:08,"4,09",F-W40,F
190,5685,"CINDY, HENAULT",2:55:34,2:55:17,"4,09",F-W40,F
191,7624,"ELLINGSEN, HANNE",2:55:36,2:55:34,"4,10",F-SENIOR,F
192,6791,"PEDERSEN, LISBETH",2:55:38,2:55:34,"4,10",F-W45,F
193,2119,"AUDREY, NALIN",2:55:46,2:55:46,"4,10",F-W40,F
194,10016,"BRAMLEY, ISOBEL",2:55:48,2:54:08,"4,08",F-SENIOR,F
195,10636,"RODRIGUEZ FERNANDEZ, ANNA",2:55:51,2:55:51,"4,10",F-SENIOR,F
196,7854,"ELODIE, GATARD",2:55:53,2:55:53,"4,10",F-W35,F
197,6200,"BEUCHET, ANAIS",2:55:53,2:55:34,"4,10",F-W35,F
198,5961,"HALLSIDE, KATY",2:56:04,2:55:48,"4,10",F-W45,F
199,5038,"DE BURCA, NEASA",2:56:10,2:56:05,"4,10",F-W45,F
200,5107,"HIELSCHER, MARIE",2:56:13,2:55:41,"4,10",F-W35,F
201,2598,"KESKIN HACCAK, EZGI",2:56:17,2:55:41,"4,10",F-SENIOR,F
202,8074,"DE OLIVEIRA, MARIE",2:56:19,2:56:19,"4,11",F-SENIOR,F
203,6670,"SIXTO TATO, MARIA ISABEL",2:56:19,2:56:12,"4,11",F-W45,F
204,5009,"ODDSDÓTTIR, RANNVEIG",2:56:20,2:56:02,"4,10",F-W45,F
205,4862,"BROBERG, LENE",2:56:24,2:56:04,"4,10",F-W40,F
206,5818,"BILGRAV, CHRISTINA",2:56:28,2:56:01,"4,10",F-SENIOR,F
207,6315,"DANIELO, ELISABETH",2:56:32,2:56:17,"4,11",F-W40,F
208,6103,"JULLIAND, MARIE JULLIAND ET",2:56:35,2:56:03,"4,10",F-W50,F
209,4843,"KLOK, KARINA",2:56:36,2:56:24,"4,11",F-SENIOR,F
210,6744,"KJAERULFF, CHARLOTTE",2:56:41,2:56:00,"4,10",F-SENIOR,F
211,6463,"WALLON, VALENTINE",2:56:45,2:56:39,"4,11",F-SENIOR,F
212,10385,"CHECHETKA, POLINA",2:56:49,2:55:58,"4,10",F-SENIOR,F
213,4873,"CALEYA, ANA",2:56:52,2:56:33,"4,11",F-W40,F
214,5176,"THOMAS, CLAIRE",2:56:54,2:56:26,"4,11",F-W40,F
215,7468,"GOLESTANEHNO, MINA",2:56:58,2:56:10,"4,10",F-W35,F
216,1219,"CASTRO, MARINE",2:57:02,2:56:56,"4,12",F-SENIOR,F
217,10204,"MACKIE, IMOGEN",2:57:08,2:56:22,"4,11",F-SENIOR,F
218,7462,"GRASSELLI, STEFANIA",2:57:11,2:56:54,"4,12",F-W35,F
219,8890,"CORDOBA GARCIA, DANIELA",2:57:11,2:56:39,"4,11",F-W40,F
220,20473,"ASMAT, NAIR LEILA",2:57:12,2:56:38,"4,11",F-SENIOR,F
221,5560,"RIVIERE, CAROLINE",2:57:12,2:56:51,"4,11",F-W45,F
222,4610,"GÓMEZ GONZÁLEZ, ANA",2:57:17,2:57:06,"4,12",F-W35,F
223,6063,"LAPERLE, ANNIE",2:57:22,2:56:40,"4,11",F-W45,F
224,8233,"DE ZWART, MERLE",2:57:24,2:57:07,"4,12",F-SENIOR,F
225,8222,"UNZU RIPOLL, ESTEFANÍA",2:57:26,2:57:10,"4,12",F-W35,F
226,6600,"OLIVIER, CAMILLE",2:57:26,2:57:14,"4,12",F-SENIOR,F
227,8544,"VIORA, ELISA",2:57:28,2:57:19,"4,12",F-SENIOR,F
228,6313,"DEROUAL, CARLA",2:57:29,2:57:07,"4,12",F-SENIOR,F
229,5144,"CLARKE, REBECCA",2:57:32,2:57:03,"4,12",F-SENIOR,F
230,6780,"LE BELLEGO, MARIANNE",2:57:33,2:57:11,"4,12",F-SENIOR,F
231,4642,"BRÉHIER, ANNE LAURE",2:57:37,2:57:01,"4,12",F-W35,F
232,12322,"MARAKUSHA, ELENA",2:57:37,2:57:32,"4,12",F-W45,F
233,7719,"BELANDI, ERICA",2:57:39,2:57:20,"4,12",F-W50,F
234,8839,"SKEIE, THERESE",2:57:42,2:57:40,"4,13",F-W35,F
235,8271,"FURZE, GEORGINA",2:57:43,2:57:33,"4,12",F-W35,F
236,3363,"TYLOVA, DOMINIKA",2:57:44,2:57:11,"4,12",F-SENIOR,F
237,5199,"ROBERT, ANAIS",2:57:45,2:56:50,"4,11",F-W35,F
238,6275,"SOLÍS, GABBY",2:57:45,2:57:45,"4,13",F-W35,F
239,6283,"PEREZ SOLER, AIDA",2:57:46,2:57:38,"4,13",F-W35,F
240,7497,"GOUAULT, SANDRA",2:57:52,2:57:49,"4,13",F-W50,F
241,3430,"MARTINEZ, MARIE",2:57:53,2:57:19,"4,12",F-W40,F
242,6616,"WETZEL, CHRISTIE",2:57:58,2:57:30,"4,12",F-W35,F
243,5215,"WILKINSON, NIKKI",2:58:00,2:57:11,"4,12",F-SENIOR,F
244,5314,"MALLET, MADDYSON",2:58:02,2:57:47,"4,13",F-SENIOR,F
245,8404,"PERICARD, HÉLOÏSE",2:58:02,2:57:34,"4,12",F-SENIOR,F
246,5124,"SOULARD, ELSA",2:58:05,2:57:37,"4,13",F-SENIOR,F
247,9653,"BOIX, PATRICIA",2:58:08,2:58:05,"4,13",F-W40,F
248,8131,"URI, BETTINA",2:58:11,2:57:48,"4,13",F-SENIOR,F
249,1741,"VALOVÁ, SILVIA",2:58:12,2:57:47,"4,13",F-SENIOR,F
250,14195,"PAREJA GARCIA, EVA",2:58:15,2:57:37,"4,13",F-W35,F
1,6,"LEMMA, SISAY",2:01:48,2:01:48,"2,53",M-SENIOR,M
2,3,"MUTISO, ALEXANDER",2:03:11,2:03:11,"2,55",M-SENIOR,M
3,9,"WOLDE, DAWIT",2:03:48,2:03:48,"2,56",M-SENIOR,M
4,4,"BEKELE, KENENISA",2:04:19,2:04:19,"2,57",M-M40,M
5,2,"GEAY, GABRIEL",2:04:33,2:04:33,"2,57",M-SENIOR,M
6,8,"KANDIE, KIBIWOTT",2:04:48,2:04:48,"2,57",M-SENIOR,M
7,11,"DESO, CHALU",2:05:14,2:05:14,"2,58",M-SENIOR,M
8,13,"ESA HUSEYDIN, MOHAMED",2:05:40,2:05:40,"2,59",M-SENIOR,M
9,33,"FRERE, MEHDI",2:05:43,2:05:43,"2,59",M-SENIOR,M
10,16,"AYALE, GASHAU",2:05:46,2:05:46,"2,59",M-SENIOR,M
11,19,"NOVALES, TARIKU",2:05:48,2:05:47,"2,59",M-SENIOR,M
12,31,"KINDIE, DERSEH",2:05:51,2:05:49,"2,59",M-SENIOR,M
13,25,"AMARE, GIRMAW",2:05:52,2:05:49,"2,59",M-M35,M
14,18,"NAVARRO, NICO",2:05:53,2:05:52,"2,59",M-SENIOR,M
15,26,"ALAME, HAIMRO",2:06:04,2:06:03,"2,59",M-SENIOR,M
16,69,"BOUR, FELIX",2:06:46,2:06:45,"3,00",M-SENIOR,M
17,14,"MORHAD, AMDOUNI",2:06:55,2:06:54,"3,00",M-M35,M
18,123,"DAVLATOV, SHOKHRUKH",2:07:02,2:07:00,"3,01",M-SENIOR,M
19,29,"RINGER, RICHARD",2:07:05,2:07:04,"3,01",M-SENIOR,M
20,12,"KIPRUTO, TITUS",2:07:22,2:07:19,"3,01",M-SENIOR,M
21,76,"CRIPPA, NEKAGENET",2:07:35,2:07:34,"3,01",M-SENIOR,M
22,50,"BARATA, SAMUEL",2:07:35,2:07:33,"3,01",M-SENIOR,M
23,32,"CHOUKOUD, KHALID",2:07:37,2:07:35,"3,01",M-M35,M
24,24,"MPOFU, ISAAC",2:07:39,2:07:38,"3,01",M-M35,M
25,56,"GONZALEZ MINDEZ, ALBERTO",2:07:40,2:07:38,"3,01",M-SENIOR,M
26,40,"CHOQUERT, BENJAMIN",2:07:42,2:07:41,"3,02",M-M35,M
27,5,"MOLLA, GETANEH",2:07:45,2:07:44,"3,02",M-SENIOR,M
28,35,"ROJO, YAGO",2:07:47,2:07:46,"3,02",M-SENIOR,M
29,15,"KIFLE, GOITOM",2:08:22,2:08:20,"3,02",M-SENIOR,M
30,36,"WELDAY, HAFTOM",2:08:24,2:08:23,"3,03",M-SENIOR,M
31,52,"BOUCHIKHI, LAHSENE",2:08:36,2:08:35,"3,03",M-SENIOR,M
32,70,"GRAS, MICHAEL",2:08:40,2:08:37,"3,03",M-SENIOR,M
33,10,"DO NASCIMENTO, DANIEL",2:08:40,2:08:39,"3,03",M-SENIOR,M
34,57,"MAHAMED, MAHAMED",2:08:42,2:08:40,"3,03",M-SENIOR,M
35,87,"PAQUET, AMAURY",2:08:44,2:08:40,"3,03",M-SENIOR,M
36,53,"SESEMANN, PHILIP",2:08:49,2:08:48,"3,03",M-SENIOR,M
37,1,"CHEPTEGEI, JOSHUA",2:08:59,2:08:58,"3,03",M-SENIOR,M
38,75,"JAMI JAMI, SEGUNDO OSWALDO",2:09:05,2:09:04,"3,04",M-M35,M
39,22,"KIPROP, STEPHEN",2:09:25,2:09:23,"3,04",M-SENIOR,M
40,72,"ROUDOLFF, EMMANUEL",2:09:38,2:09:36,"3,04",M-SENIOR,M
41,41,"ARBE, JOAQUÍN EMANUEL",2:10:03,2:10:01,"3,05",M-SENIOR,M
42,128,"SIWOKO, ABEL",2:10:33,2:10:31,"3,06",M-SENIOR,M
43,153,"SIGUENI, HICHAM",2:10:37,2:10:35,"3,06",M-SENIOR,M
44,30,"MATEO, DANIEL",2:10:46,2:10:44,"3,06",M-SENIOR,M
45,58,"GONDOUIN, VALENTIN",2:10:59,2:10:57,"3,06",M-SENIOR,M
46,88,"SOMMER SIMONSEN, JACOB",2:11:22,2:11:20,"3,07",M-SENIOR,M
47,101,"KHARAZISHVILI, DAVITI",2:11:46,2:11:45,"3,07",M-SENIOR,M
48,65,"KURGAT, STANLEY",2:11:50,2:11:47,"3,07",M-SENIOR,M
49,92,"DO CANTO, THOMAS",2:11:51,2:11:49,"3,07",M-M35,M
50,125,"IVANOVSKI, DARIO",2:11:53,2:11:51,"3,07",M-SENIOR,M
51,42,"PACHECO OROZCO, JUAN JOEL",2:11:57,2:11:55,"3,08",M-SENIOR,M
52,108,"CERECEDA RODRIGUEZ, FERDINAN",2:12:19,2:12:17,"3,08",M-SENIOR,M
53,102,"ALTAMIMI, EBRAHIM MOHAMED EBRAHIM",2:12:30,2:12:29,"3,08",M-M35,M
54,81,"WÄGELI, PATRIK",2:12:58,2:12:57,"3,09",M-SENIOR,M
55,382,"JASON, POINTEAU",2:13:00,2:12:57,"3,09",M-M35,M
56,59,"LIPSCHITZ, ADAM",2:13:01,2:13:00,"3,09",M-SENIOR,M
57,74,"PINTO, RUI",2:13:07,2:13:06,"3,09",M-SENIOR,M
58,385,"GRANO, GIOVANNI",2:13:18,2:13:16,"3,09",M-SENIOR,M
59,405,"GODEFROY, ALEXIS",2:13:32,2:13:29,"3,10",M-SENIOR,M
60,78,"OMAR, OMAR HASSAN",2:13:52,2:13:51,"3,10",M-SENIOR,M
61,103,"FREDDY, GUIMARD",2:13:56,2:13:53,"3,10",M-M35,M
62,27,"BELACHEW, GODADAW",2:13:58,2:13:57,"3,10",M-SENIOR,M
63,403,"YADGAROV, ISKANDER",2:14:07,2:14:05,"3,11",M-SENIOR,M
64,481,"GUERFI, RIAD",2:14:21,2:14:18,"3,11",M-M35,M
65,154,"ROLLI, DOMINIK",2:14:35,2:14:32,"3,11",M-SENIOR,M
66,107,"TIELSEMA, REMYO",2:14:55,2:14:53,"3,12",M-SENIOR,M
67,64,"TONOSA, HIKO",2:15:01,2:15:00,"3,12",M-SENIOR,M
68,121,"LOPES, MAXIME",2:15:20,2:15:16,"3,12",M-SENIOR,M
69,104,"NASH, DAN",2:15:22,2:15:19,"3,12",M-SENIOR,M
70,156,"LE BIHAN, KRILAN",2:15:30,2:15:28,"3,13",M-SENIOR,M
71,137,"LEDUC, CLÉMENT",2:15:38,2:15:36,"3,13",M-SENIOR,M
72,97,"ITO CURO, NELSON",2:15:41,2:15:37,"3,13",M-SENIOR,M
73,493,"YOHAN, ZARADZKI",2:15:43,2:15:41,"3,13",M-SENIOR,M
74,142,"NAVARRO, JULIEN",2:15:45,2:15:43,"3,13",M-M35,M
75,179,"GOMEZ, JOSEP",2:15:50,2:15:48,"3,13",M-SENIOR,M
76,357,"KEMBOI, TITUS",2:15:57,2:15:56,"3,13",M-SENIOR,M
77,355,"GIMENEZ, JOSE IGNACIO",2:16:19,2:16:17,"3,14",M-SENIOR,M
78,168,"PERRY, CHRIS",2:16:28,2:16:26,"3,14",M-SENIOR,M
79,590,"HICHAM, BENGHERDA",2:16:30,2:16:28,"3,14",M-M40,M
80,96,"NORONHA, VAGNER DA SILVA NORONHA",2:16:30,2:16:27,"3,14",M-M35,M
81,830,"BROWN, T-ROY RYAN",2:16:37,2:16:31,"3,14",M-SENIOR,M
82,139,"WILLEBOORDSE, FLORIS",2:16:40,2:16:39,"3,14",M-SENIOR,M
83,512,"ROZALSKI, ANTHONY",2:16:51,2:16:46,"3,14",M-SENIOR,M
84,160,"VALENTE, JOÃO",2:16:57,2:16:55,"3,15",M-SENIOR,M
85,146,"OLSEN, MARK",2:16:58,2:16:56,"3,15",M-SENIOR,M
86,165,"ALLALI, NASSER",2:17:06,2:17:05,"3,15",M-SENIOR,M
87,106,"FILIP, VERCRUYSSE",2:17:07,2:17:05,"3,15",M-M40,M
88,556,"BISHOP, DAVID",2:17:11,2:17:06,"3,15",M-SENIOR,M
89,124,"DE FREITAS, JEFFREY",2:17:16,2:17:13,"3,15",M-SENIOR,M
90,418,"MUSSON, DOUGLAS",2:17:21,2:17:15,"3,15",M-SENIOR,M
91,379,"FERNANDES, JOÃO",2:17:21,2:17:18,"3,15",M-SENIOR,M
92,445,"RAZYN , ABDELALI",2:17:23,2:17:20,"3,15",M-SENIOR,M
93,173,"HALL, JASON",2:17:31,2:17:28,"3,15",M-SENIOR,M
94,161,"BÖRJESSON, JOHN",2:17:32,2:17:29,"3,15",M-SENIOR,M
95,132,"HINDRIKS, MAARTEN",2:17:33,2:17:31,"3,16",M-SENIOR,M
96,17284,"BENGRIBA, MAAMAR",2:17:34,2:17:30,"3,15",M-M35,M
97,83,"KOBE, PRIMOZ",2:17:37,2:17:35,"3,16",M-M40,M
98,709,"HAMZA, EL OUARDI",2:17:41,2:17:38,"3,16",M-SENIOR,M
99,410,"MOUSSAOUI, MOHAMED",2:17:43,2:17:39,"3,16",M-SENIOR,M
100,404,"STIJN, BAETEN",2:17:44,2:17:40,"3,16",M-SENIOR,M
101,384,"VAZQUEZ VEGA, LUIS FERNANDO",2:17:58,2:17:56,"3,16",M-SENIOR,M
102,626,"ALEXIS, HUCK",2:18:07,2:18:05,"3,16",M-SENIOR,M
103,141,"WITEK, ANDRZEJ",2:18:09,2:18:06,"3,16",M-SENIOR,M
104,131,"TOMSICH, ANTHONY",2:18:10,2:18:06,"3,16",M-M35,M
105,98,"CHANG, CHIACHE",2:18:12,2:18:09,"3,16",M-M40,M
106,159,"DALMASSO, NICOLAS",2:18:12,2:18:10,"3,16",M-M35,M
107,782,"PRÉTOT, CHARLIE",2:18:13,2:18:09,"3,16",M-SENIOR,M
108,170,"ESTEVEZ LOPEZ, REYES",2:18:17,2:18:15,"3,17",M-M45,M
109,1235,"VALENTIN, BETOUDJI",2:18:20,2:18:16,"3,17",M-SENIOR,M
110,691,"JONES, DOMINIC",2:18:22,2:18:15,"3,17",M-SENIOR,M
111,21234,"INECI, ABDURRAHMAN",2:18:31,2:18:08,"3,16",M-M40,M
112,602,"DOURLENS, JUSTIN",2:18:34,2:18:28,"3,17",M-SENIOR,M
113,480,"MEDALL JUAN, JAVIER",2:18:48,2:18:45,"3,17",M-M35,M
114,157,"OLIVERAS, NAN",2:18:48,2:18:47,"3,17",M-SENIOR,M
115,558,"THOMSON, RYAN",2:18:50,2:18:46,"3,17",M-SENIOR,M
116,127,"MARCHAL, DORIAN",2:18:53,2:18:51,"3,17",M-SENIOR,M
117,572,"HOTTEBART, HUGO",2:19:01,2:18:57,"3,18",M-SENIOR,M
118,542,"RODDY, PATRICK",2:19:04,2:19:00,"3,18",M-SENIOR,M
119,409,"GRANBERG, HANNU",2:19:15,2:19:10,"3,18",M-SENIOR,M
120,428,"PYSZEL, FLORIAN",2:19:21,2:19:18,"3,18",M-SENIOR,M
121,163,"ATSE HERRERA, JONATHAN",2:19:21,2:19:18,"3,18",M-M35,M
122,2295,"CABRERA FERNÁNDEZ, IGNACIO",2:19:23,2:19:18,"3,18",M-SENIOR,M
123,105,"TOUCAS, ADRIEN",2:19:36,2:19:34,"3,18",M-SENIOR,M
124,126,"TURI, MARCO",2:19:36,2:19:34,"3,18",M-M35,M
125,778,"KOPOCZ, MATHIEU",2:19:45,2:19:42,"3,19",M-M35,M
126,735,"ZARCO ALVAREZ, IVAN",2:19:46,2:19:40,"3,19",M-M35,M
127,463,"SMITH, LOGAN",2:19:46,2:19:41,"3,19",M-SENIOR,M
128,635,"TURNER, JAMES",2:19:56,2:19:52,"3,19",M-SENIOR,M
129,380,"CAMERON, EWAN",2:19:57,2:19:54,"3,19",M-M40,M
130,854,"DIAZ CARRETERO, JOSEP",2:20:09,2:20:05,"3,19",M-SENIOR,M
131,663,"DURAND, JONATHAN",2:20:10,2:20:01,"3,19",M-SENIOR,M
132,873,"HAVLENA, YANN",2:20:12,2:20:05,"3,19",M-SENIOR,M
133,770,"DAWSON, NICK",2:20:16,2:20:12,"3,19",M-SENIOR,M
134,517,"NIEDERHAUSER, THIBAULT",2:20:19,2:20:12,"3,19",M-SENIOR,M
135,690,"HUGO, BOUDOT",2:20:20,2:20:18,"3,19",M-SENIOR,M
136,744,"ALDRIDGE, LIAM",2:20:23,2:20:19,"3,20",M-M35,M
137,151,"GI, KA MAN",2:20:25,2:20:22,"3,20",M-M35,M
138,695,"GLADLEY, ALEX",2:20:26,2:20:22,"3,20",M-SENIOR,M
139,491,"HAYMES, DANIEL",2:20:27,2:20:22,"3,20",M-SENIOR,M
140,11861,"EL FADIL, SAÏD",2:20:30,2:20:25,"3,20",M-M45,M
141,616,"SELMAN, DOUGLAS",2:20:32,2:20:27,"3,20",M-M35,M
142,678,"ADRIEN, NOEL",2:20:41,2:20:37,"3,20",M-SENIOR,M
143,350,"GAREDEW, ABEBE",2:20:46,2:20:45,"3,20",M-SENIOR,M
144,733,"LATRECHE, FOUAD",2:20:46,2:20:43,"3,20",M-SENIOR,M
145,461,"STAJNIAK, BARTLOMIEJ",2:20:47,2:20:43,"3,20",M-SENIOR,M
146,1582,"RIVET, AURÉLIEN",2:20:47,2:20:44,"3,20",M-SENIOR,M
147,647,"CARON, JEAN-RENE",2:20:54,2:20:49,"3,20",M-SENIOR,M
148,713,"DAUTEL, ALEX",2:20:56,2:20:52,"3,20",M-M35,M
149,840,"VILLY, RONALD",2:20:58,2:20:52,"3,20",M-SENIOR,M
150,114,"FLÜCKIGER, ARMIN",2:21:01,2:20:59,"3,20",M-SENIOR,M
151,426,"KRAUTH, JOACHIM",2:21:05,2:20:57,"3,20",M-SENIOR,M
152,787,"PLAY, JEAN-CHRISTOPHE",2:21:13,2:21:13,"3,21",M-M40,M
153,486,"OWEN, RHODRI",2:21:28,2:21:23,"3,21",M-SENIOR,M
154,795,"FONTANAROSA, PIERRE",2:21:29,2:21:17,"3,21",M-SENIOR,M
155,584,"BERSET, PASCAL",2:21:33,2:21:30,"3,21",M-M35,M
156,458,"MORWOOD, JOE",2:21:47,2:21:37,"3,21",M-SENIOR,M
157,749,"HERNÁNDEZ MEDINA, JORGE ALBERTO",2:22:04,2:22:00,"3,22",M-SENIOR,M
158,194,"PONT CHAFER, FELIX",2:22:05,2:22:03,"3,22",M-M40,M
159,186,"VIDAL RIBERO, JUAN",2:22:17,2:22:14,"3,22",M-M40,M
160,135,"GILLES, RUBIO",2:22:22,2:22:19,"3,22",M-M40,M
161,760,"ALQUIER, BENJAMIN",2:22:25,2:22:18,"3,22",M-SENIOR,M
162,800,"LOZANO, MICHAEL",2:22:26,2:22:21,"3,22",M-M40,M
163,630,"HOLM, HENRIK",2:22:27,2:22:17,"3,22",M-SENIOR,M
164,562,"CHONG, SEE YEUNG",2:22:32,2:22:28,"3,23",M-SENIOR,M
165,718,"FUENTES ISASI, GONZALO",2:22:33,2:22:28,"3,23",M-SENIOR,M
166,798,"LEROUX, MATHIEU",2:22:35,2:22:29,"3,23",M-SENIOR,M
167,149,"LE VIGOUROUX, FLORIAN",2:22:39,2:22:36,"3,23",M-SENIOR,M
168,659,"HILEY, JONATHAN",2:22:39,2:22:33,"3,23",M-M35,M
169,430,"FIKRE, WONDIYE",2:22:39,2:22:31,"3,23",M-M35,M
170,746,"CARETTE, ROMAIN",2:22:43,2:22:37,"3,23",M-SENIOR,M
171,452,"BAYTON, STEVEN",2:22:45,2:22:42,"3,23",M-SENIOR,M
172,914,"TELLO FERNANDEZ, VICTOR",2:22:45,2:22:38,"3,23",M-M40,M
173,911,"PIPER, PAUL",2:22:51,2:22:45,"3,23",M-M40,M
174,881,"PALOMO DEL ROSARIO, DAVID",2:22:53,2:22:48,"3,23",M-M40,M
175,44,"HOFBAUER, TREVOR",2:22:55,2:22:53,"3,23",M-SENIOR,M
176,902,"GOMEZ FERRERO, MARCOS",2:22:57,2:22:52,"3,23",M-M40,M
177,780,"CERVERO ORFILA, ALEX",2:23:00,2:22:53,"3,23",M-M35,M
178,745,"OOSTERLINCK, WARD",2:23:00,2:22:51,"3,23",M-SENIOR,M
179,417,"VOGEL, FLORIAN",2:23:03,2:22:58,"3,23",M-M40,M
180,774,"OIARBIDE ORMAZABAL, ALEXANDER",2:23:05,2:22:59,"3,23",M-SENIOR,M
181,523,"TROITE, KIM-ROGER",2:23:06,2:23:01,"3,23",M-SENIOR,M
182,462,"AVALLE, STEFANO",2:23:15,2:23:10,"3,24",M-SENIOR,M
183,169,"PILLEUX, ADRIEN",2:23:16,2:23:14,"3,24",M-SENIOR,M
184,472,"MCCAMBRIDGE, CONAL",2:23:16,2:23:09,"3,24",M-SENIOR,M
185,738,"GUILLAUME, TIPHENE",2:23:17,2:23:13,"3,24",M-SENIOR,M
186,651,"ANÉ, JEAN-PIERRE",2:23:17,2:23:12,"3,24",M-M40,M
187,352,"JIMENEZ, ALEJANDRO",2:23:17,2:23:16,"3,24",M-M35,M
188,739,"DONNAY OTEGUI, ENDIKA",2:23:18,2:23:11,"3,24",M-M35,M
189,686,"CARMONA PARADA, FRANCESC",2:23:19,2:23:09,"3,24",M-M35,M
190,605,"ROUSSEAU, LUDOVIC",2:23:24,2:23:17,"3,24",M-M35,M
191,688,"IMBERT, THIBAUT",2:23:27,2:23:20,"3,24",M-SENIOR,M
192,415,"BOUTOIL, AZIZ",2:23:28,2:23:27,"3,24",M-M35,M
193,727,"MARTIN, LAURENT",2:23:29,2:23:27,"3,24",M-SENIOR,M
194,754,"MANI, ALEXANDRE",2:23:31,2:23:24,"3,24",M-SENIOR,M
195,668,"BENTLEY, RUSSELL",2:23:31,2:23:27,"3,24",M-M40,M
196,497,"BRUCHHAUSEN, CHRISTOPHER",2:23:34,2:23:30,"3,24",M-SENIOR,M
197,455,"TREJO ALEMAN, ROBERTO CARLOS",2:23:35,2:23:26,"3,24",M-M40,M
198,568,"HENNION, ALEXANDRE",2:23:37,2:23:33,"3,24",M-SENIOR,M
199,1782,"BAZEILLE, SÉBASTIEN",2:23:37,2:23:34,"3,24",M-M40,M
200,2494,"ALTAN, UGUR",2:23:39,2:23:31,"3,24",M-SENIOR,M
201,535,"AMIN, BOUKEBAL",2:23:42,2:23:37,"3,24",M-SENIOR,M
202,703,"DE BART, SANDER",2:23:43,2:23:39,"3,24",M-M35,M
203,704,"ZALEJSKI, NICOLAS",2:23:44,2:23:37,"3,24",M-SENIOR,M
204,683,"FENOT, NICOLAS",2:23:46,2:23:41,"3,24",M-SENIOR,M
205,799,"GOUTILLE, ROMAIN",2:23:47,2:23:43,"3,24",M-M35,M
206,710,"HIRVIKALLIO, JONI",2:23:48,2:23:44,"3,24",M-SENIOR,M
207,792,"CARON, PIERRE",2:23:48,2:23:40,"3,24",M-SENIOR,M
208,510,"KARLSSON, SIMON",2:23:49,2:23:46,"3,24",M-SENIOR,M
209,10888,"VINOGRADOV, EGOR",2:23:52,2:23:47,"3,24",M-M40,M
210,500,"PLANAS CRIADO, XAVIER",2:23:53,2:23:48,"3,24",M-M40,M
211,645,"LUNDEGÅRD, ANDREAS",2:23:53,2:23:48,"3,24",M-M35,M
212,158,"CHENAIS, JOAN",2:23:59,2:23:56,"3,25",M-SENIOR,M
213,790,"BRAM, EECKHOUT",2:24:01,2:23:50,"3,25",M-SENIOR,M
214,188,"PALOMERA SVENSSON, SAMUEL",2:24:02,2:24:00,"3,25",M-SENIOR,M
215,680,"EECKHOUT, SIMON",2:24:11,2:24:01,"3,25",M-UNDER23,M
216,431,"TISHAKIN, ANTON",2:24:12,2:24:09,"3,25",M-M35,M
217,8037,"BRUN, ROMUALD",2:24:14,2:24:06,"3,25",M-M40,M
218,890,"NIETO PEÑA, CARLOS",2:24:15,2:24:11,"3,25",M-M35,M
219,716,"BURUCS, FERENC",2:24:15,2:24:13,"3,25",M-M35,M
220,736,"ADRIEN, JAMET",2:24:18,2:24:11,"3,25",M-SENIOR,M
221,855,"ERIC, HERAULT",2:24:18,2:24:15,"3,25",M-M45,M
222,508,"BURGOS JIMENEZ, MANUEL JESUS",2:24:19,2:24:19,"3,25",M-M45,M
223,443,"HORTELANO RUBIO, MARCOS",2:24:21,2:24:09,"3,25",M-M35,M
224,515,"NILSSON, JONAS",2:24:22,2:24:15,"3,25",M-SENIOR,M
225,721,"SANCHEZ GUEVARA, AURELIO",2:24:22,2:24:19,"3,25",M-M35,M
226,868,"DREUX, JULIEN",2:24:24,2:24:19,"3,25",M-M35,M
227,504,"MORETA CRIOLLO, SIXTO ROMAN",2:24:24,2:24:20,"3,25",M-SENIOR,M
228,619,"RAPHAEL, LEROY",2:24:27,2:24:18,"3,25",M-SENIOR,M
229,47,"HERZOG, PETER",2:24:32,2:24:28,"3,25",M-M35,M
230,1312,"FRANKEN, MELVIN",2:24:34,2:24:30,"3,25",M-SENIOR,M
231,849,"ESPERANZA MATEOS, FERNANDO",2:24:34,2:24:29,"3,25",M-M35,M
232,791,"ROMAIN PHILIPPE, MERLAUD",2:24:35,2:24:31,"3,25",M-SENIOR,M
233,492,"HELLSTRÖM, ISAK",2:24:36,2:24:32,"3,25",M-SENIOR,M
234,815,"SOLLA, CLAUDIO",2:24:37,2:24:31,"3,25",M-M40,M
235,802,"YOUNG, MICHAEL",2:24:37,2:24:33,"3,26",M-M35,M
236,808,"WILSON, AARON",2:24:41,2:24:35,"3,26",M-SENIOR,M
237,521,"MACRI, JULIEN",2:24:41,2:24:35,"3,26",M-SENIOR,M
238,654,"HILLER, CHRISTIAN",2:24:48,2:24:39,"3,26",M-M35,M
239,152,"CORNTHWAITE, TOM",2:24:53,2:24:53,"3,26",M-M35,M
240,767,"SUTHON, GEORGE",2:24:54,2:24:48,"3,26",M-SENIOR,M
241,1140,"EDLMAN, MARTIN",2:24:55,2:24:46,"3,26",M-SENIOR,M
242,471,"SMITH, ALISTAIR",2:24:57,2:24:47,"3,26",M-M35,M
243,638,"BRUNDISH, ROBERT",2:24:58,2:24:51,"3,26",M-M40,M
244,640,"HUFFMAN, WILLIAM",2:25:02,2:24:57,"3,26",M-SENIOR,M
245,1323,"GUARDIA COLOMER, MARC",2:25:02,2:24:59,"3,26",M-SENIOR,M
246,600,"HAMON, GUILLAUME",2:25:03,2:24:53,"3,26",M-SENIOR,M
247,589,"LEMERCIER, ROBIN",2:25:03,2:24:53,"3,26",M-SENIOR,M
248,784,"STEGER, MANFRED",2:25:03,2:24:58,"3,26",M-M35,M
249,852,"SUAREZ LASO, ALBERTO",2:25:04,2:24:55,"3,26",M-M45,M
250,478,"ROMAIN, FERCOQ",2:25:06,2:24:56,"3,26",M-SENIOR,M
